Fighter Name,Location,Elevation
Jairzinho Rozenstruik,"Pompano Beach, Florida",4
Alistair Overeem,"Amsterdam, Netherlands",2
Marina Rodriguez,"Florianópolis, Brazil",3
Cynthia Calvillo,"Sacramento, California, USAA",9
Ben Rothwell,"Kenosha, Wisconsin, United States",184
Stefan Struve,"Beverwijk, Netherlands",2
Aspen Ladd,"Folsom, California, United States",67
Cody Stamann,"Sparta, Michigan, United States (formerly)",243
Song Yadong,"Sacramento, California, United States",9
Rob Font,"Woburn, Massachusetts",30
Ricky Simon,"Vancouver, Washington, United States",52
Tim Means,"Albuquerque, New Mexico, United States",1619.1
Thiago Alves,"Coconut Creek, Florida, United States",4
Matt Wiman,"Dallas, Texas ",131
Mallory Martin,"Denver, Colorado, United States",1734
Trevor Smith,"Tukwila, Washington, United States",42
Jan Błachowicz,"Warszawa, Poland",116
Ronaldo Souza,"Manaus, Amazonas, Brazil",92
Maurício Rua,"Curitiba, Brazil",934.6
Charles Oliveira,"São Paulo, Brazil",760
Markus Perez,"Sao Paulo, Brazil",760
James Krause,"Lee's Summit, Missouri, USA",316
Sérgio Moraes,"São Paulo, São Paulo, Brazil",760
Ricardo Ramos,"Campinas, Sao Paulo, Brazil",780
Francisco Trinaldo,"Brasília, Distrito Federal, Brazil",1172
Bobby Green,"Fontana, California, United States",377
Warlley Alves,"Rio de Janeiro, Rio de Janeiro, Brazil",1020
Douglas Silva de Andrade,"Castanhal, Pará, Brazil",141
Renan Barão,"Rio de Janeiro, Brazil",1020
Ariane Lipski,"Curitiba, Parana, Brazil",934.6
Tracy Cortez,"Phoenix, Arizona, United States",331
Zabit Magomedsharipov,"Khasavyurt, Dagestan, Russia",130
Calvin Kattar,"Methuen, Massachusetts, United States",35
Greg Hardy,"Millington, Tennessee",80
Danny Roberts,"Liverpool, England, United Kingdom",70
Ed Herman,"Portland, Oregon, United States",15.2
Anthony Rocco Martin,"Boston, Massachusetts, United States",43
Ramazan Emeev,"Makhachkala, Dagestan, Russia",10
Shamil Gamzatov,"Makhachkala, Dagestan, Russia ",10
Magomed Ankalaev,"Makhachkala, Dagestan, Russia",10
Rustam Khabilov,"Derbent, Dagestan, Russia",0
Karl Roberson,"Neptune, New Jersey, United States",7
David Zawada,"Dusseldorf, Germany",38
Abubakar Nurmagomedov,"Makhachkala, Dagestan, Russia ",10
Roosevelt Roberts,"Lathrop, California, United States",7
Jorge Masvidal,"Miami, Florida, United States",2
Nate Diaz,"Stockton, California, USA",4
Darren Till,"Liverpool, Merseyside, England",70
Kelvin Gastelum,"Yuma, Arizona, United States",43
Stephen Thompson,"Simpsonville, South Carolina, United States",262
Vicente Luque,"Brasília, Distrito Federal, Brazil",1172
Derrick Lewis,"Houston, Texas, United States",32
Blagoy Ivanov,"Sofia, Bulgaria",2290
Kevin Lee,"Montreal, Quebec, Canada",233
Corey Anderson,"Rockton, Illinois, USA",225
Edmen Shahbazyan,"Glendale, California",159
Brad Tavares,"Las Vegas, Nevada, USA",610
Andrei Arlovski,"Chicago, Illinois, United States",182.02
Katlyn Chookagian,"Quakertown, Pennsylvania, United States",154
Jennifer Maia,"Curitiba, Paraná, Brazil",934.6
Chance Rencountre,"Pawhuska, Oklahoma,",250
Hakeem Dawodu,"Calgary, Alberta, Canada",1045
Demian Maia,"São Paulo, Brazil",760
Ben Askren,"Milwaukee, Wisconsin, United States",188
Michael Johnson,"Lantana, Florida, United States",3
Beneil Dariush,"Huntington Beach, California, United States",12
Frank Camacho,"Saipan, Northern Mariana Islands",475
Muslim Salikhov,"Khasavyurt, Dagestan, Russia",130
Laureano Staropoli,"Canton, Ohio, United States",323
Randa Markos,"Windsor, Ontario, Canada",190
Ashley Yoder,"Temecula, California, United States",310
Alex White,"Farmington, Missouri, United States",279
Enrique Barzola,"Lima, Peru",1550
Sergei Pavlovich,"Rostov-on-Don, Rostov Oblast, Russia",70
Loma Lookboonmee,"Phuket, Thailand",529
Jeff Hughes,"Canton, Ohio, United States",323
Dominick Reyes,"Victorville, California, USA",831
Chris Weidman,"Baldwin, New York, USA",7.0104
Yair Rodríguez,"Huntington Beach, California, United States",12
Jeremy Stephens,"San Diego, California, USA",19
Joe Lauzon,"East Bridgewater, Massachusetts, USA",26
Maycee Barber,"Milwaukee, Wisconsin, United States",188
Gillian Robertson,"Port Saint Lucie, Florida, United States",5
Charles Rosa,"Boca Raton, Florida, United States",4
Manny Bermudez,"Abington, Massachusetts, United States",33
Molly McCann,"Liverpool, England",70
Kyle Bochniak,"Boston, Massachusetts, United States",43
Court McGee,"Provo, Utah, United States",1387
Kevin Holland,"Fort Worth, Texas, United States",216
Daniel Spitz,"Spokane, Washington, United States",562
Joanna Jędrzejczyk,"Olsztyn, Poland",154
Michelle Waterson,"Albuquerque, New Mexico",1619.1
Cub Swanson,"Palm Springs, California, USA",146
Kron Gracie,"Los Angeles, California, United States",93
Niko Price,"Cape Coral, Florida, United States",2
James Vick,"Temple Hills, Maryland, United States",82
Mackenzie Dern,"Phoenix, Arizona, USA",331
Matt Frevola,"Huntington, New York, United States",41
Luis Peña,"Gilroy, California , United States",61
Eryk Anders,"Birmingham, Alabama, USA",196
Gerald Meerschaert,"Milwaukee, Wisconsin, United States",188
Ryan Spann,"Beaumont, Texas, United States",5
Devin Clark,"Sioux Falls, South Dakota, United States",448
Alex Morono,"Houston, Texas, United States",32
Max Griffin,"Sacramento, California, United States",9
Deiveson Figueiredo,"Soure, Para, Brazil",10
Tim Elliott,"Lee's Summit, Missouri, United States",316
Andre Ewell,"Riverside, California, United States",252
Marvin Vettori,"Mezzocorona, Trentino, Italy",219
Andrew Sanchez,"St. Louis, Missouri, United States",142
JJ Aldrich,"Westminster, Colorado, United States",1641
Israel Adesanya (ic),"Auckland, New Zealand",196
Dan Hooker,"Auckland, New Zealand",196
Al Iaquinta,"Garden City, New York, USA",27
Dhiego Lima,"Atlanta, Georgia, United States",320
Luke Jumeau,"Hamilton, New Zealand",40
Megan Anderson,"Lee's Summit, Missouri",316
Khalid Taha,"Warendorf, Germany",57
Jared Cannonier,"Phoenix, Arizona, United States",331
Jack Hermansson,"Oslo, Norway",23
Gilbert Burns,"Lantana, Florida, United States",3
Ion Cuțelaba,"Chișinău, Moldova",85
Khalil Rountree Jr.,"Los Angeles, California, United States",93
Ovince Saint Preux,"Knoxville, Tennessee, USA",270
Nicolas Dalby,"Copenhagen, Denmark",91
Alex Oliveira,"Três Rios, Rio de Janeiro, Brazil",275
Alessio Di Chirico,"Rome, Italy",21
Ismail Naurdiev,"Salzburg, Austria",424
Siyar Bahadurzada,"Deventer, Netherlands",9
Brandon Davis,"D'Iberville, Mississippi, United States",4
Lina Länsberg,"Karlstad, Sweden",64
Macy Chiasson,"New Orleans, Louisiana, United States",6
Marc Diakiese,"Kinshasa, Democratic Republic of the Congo",240
Lando Vannata,"Neptune City, New Jersey, United States",7
Carla Esparza,"Redondo Beach, California, United States",19
Alexa Grasso,"Guadalajara, Jalisco, Mexico",1566
Brandon Moreno,"Tijuana, Baja California, Mexico",20
Irene Aldana,"Guadalajara, Mexico",1566
Steven Peterson,"Plano, Texas, United States",203
José Alberto Quiñónez,"Tijuana, Baja California, Mexico",20
Polo Reyes,"Tepic, Nayarit, Mexico",920
Sergio Pettis,"Milwaukee, Wisconsin, United States",188
Tyson Nam,"Portland, Oregon, United States",15.2
Bethe Correia,"Natal, Rio Grande do Norte, Brazil",30
Sijara Eubanks,"Springfield, Massachusetts, United States",150
Claudio Puelles,"Molina, Peru",241
Justin Gaethje,"Arvada, Colorado, USA",1662
Donald Cerrone,"Albuquerque, New Mexico, USA",1619.1
Glover Teixeira,"Danbury, Connecticut, United States",121
Nikita Krylov,"Donetsk, Ukraine",169
Todd Duffee,"Coconut Creek, Florida, United States",4
Uriah Hall,"New York City, New York, United States",10
Antônio Carlos Júnior,"Rio de Janeiro, Brazil",1020
Misha Cirkunov,"Toronto, Ontario, Canada",76.5
Jimmy Crute,"Bendigo, Australia",225
Augusto Sakai,"Curitiba, Paraná, Brazil",934.6
Chas Skelly,"Keller, Texas, United States",216
Louis Smolka,"Irvine, California, United States",17
Khabib Nurmagomedov (c),"Makhachkala, Dagestan, Russia ",10
Dustin Poirier (ic),"Coconut Creek, Florida, USA",4
Paul Felder,"Philadelphia, Pennsylvania, United States",12
Islam Makhachev,"Makhachkala, Dagestan, Russia ",10
Davi Ramos,"Rio de Janeiro, Brazil",1020
Curtis Blaydes,"Chicago, Illinois, USA",182.02
Shamil Abdurakhimov,"Makhachkala, Dagestan, Russia",10
Carlos Diego Ferreira,"Pharr, Texas, USA",34
Andrea Lee,"Atlanta, Texas, USA",79
Zubaira Tukhugov,"Grozny, Chechnya",130
Sarah Moras,"Sechelt, British Columbia, Canada",8
Belal Muhammad,"Chicago, Illinois, United States",182.02
Nordine Taleb,"Montreal, Quebec, Canada",233
Omari Akhmedov,"Makhachkala, Dagestan, Russia",10
Zak Cummings,"Kansas City, Missouri, United States",277
Zhang Weili,"Beijing, China",43.5
Jéssica Andrade (c),"Niterói, Rio de Janeiro, Brazil",0
Li Jingliang,"Beijing, China",43.5
Elizeu Zaleski dos Santos,"Curitiba, Parana, Brazil",934.6
Kai Kara-France,"Auckland, New Zealand",196
Mark De La Rosa,"Fort worth, Texas, United States",216
Derrick Krantz,"Marshall, Texas, United States",126
Mizuki Inoue,"New York, NY, USA",10
Andre Soukhamthath,"Woonsocket, Rhode Island, United States",56
Damir Ismagulov,"Orenburg, Russia",150
Stipe Miocic,"Independence, Ohio, USA",263
Daniel Cormier (c),"San Jose, California, USA",25
Anthony Pettis,"Milwaukee, Wisconsin, USA",188
Paulo Costa,"Belo Horizonte, Minas Gerais, Brazil",760
Yoel Romero,"Coconut Creek, Florida, USA",4
Sodiq Yusuff,"Camp Springs, Maryland, United States",81
Gabriel Benítez,"Tijuana, Baja California, Mexico",20
Derek Brunson,"Wilmington, North Carolina, United States",9
Ian Heinisch,"Highlands Ranch, Colorado, United States",1800
Devonte Smith,"Bedford, Ohio, United States",289
Cory Sandhagen,"Aurora, Colorado, United States",1647
Raphael Assunção,"Alpharetta, Georgia, United States",346
Drakkar Klose,"Glendale, Arizona, United States",351
Christos Giagos,"Hawthorne, California, United States",22
Hannah Cifers,"Oxford, North Carolina, United States",146
Valentina Shevchenko (c),"Bishkek, Kyrgyzstan",800
Liz Carmouche,"San Diego, California, United States",19
Mike Perry,"Orlando, Florida, United States",25
Humberto Bandenay,"Lima, Peru",1550
Volkan Oezdemir,"Fribourg, Switzerland",610
Ilir Latifi,"Stockholm, Sweden",28
Rodolfo Vieira,"Orlando, Florida, United States",25
Oskar Piechota,"Gdansk, Poland",180
Bobby Moffett,"Homewood, Illinois, United States",201
Alexey Kunchenko,"Tyumen, Russia",102
Tecia Torres,"Colorado Springs, United States",1839
Chris Gutiérrez,"Jersey City, New Jersey, United States",6
Veronica Macedo,"Caracas, Venezuela",900
Polyana Viana,"Soure, Pará, Brazil",10
Colby Covington,"Fort Lauderdale, Florida, United States",2.75
Robbie Lawler,"Coconut Creek, Florida, USA",4
Jim Miller,"Sparta Township, New Jersey",190
Joaquim Silva,"Curitiba, Brazil",934.6
Trevin Giles,"Houston, Texas, United States",32
Scott Holtzman,"Knoxville, Tennessee, United States",270
Darko Stošić,"Belgrade, Serbia",117
Mickey Gall,"Green Brook, New Jersey, United States",75
Antonina Shevchenko,"Frunze, Kirghiz SSR, Soviet Union (today Bishkek, Kyrgyzstan)",800
Lucie Pudilová,"Příbram, Czech Republic",502
Matt Schnell,"Shreveport, Louisiana USA",77.1
Lauren Murphy,"Glendale, Arizona, USA",351
Mara Romero Borella,"Coconut Creek, Florida, United States",4
Cláudio Silva,"Coconut Creek, Florida, United States",4
Max Holloway (c),"Waianae, Hawaii, United States",4
Frankie Edgar,"Toms River, New Jersey, USA",8
Cris Cyborg,"San Diego, California, USA",19
Felicia Spencer,"Orlando, Florida, United States",25
Geoff Neal,"Harker Heights, Texas, United States",233
Olivier Aubin-Mercier,"Montreal, Quebec, Canada",233
Alexis Davis,"San Jose, California",25
Gavin Tucker,"Halifax, Nova Scotia, Canada",241.9
Alexandre Pantoja,"Rio de Janeiro, Brazil",1020
Erik Koch,"Milwaukee, Wisconsin, United States",188
Rafael dos Anjos,"Huntington Beach, California, United States",12
Walt Harris,"Birmingham, Alabama, United States",196
Juan Adams,"Houston, Texas, United States",32
Alexander Hernandez,"San Antonio, Texas, United States",198
Alex Caceres,"Miami, Florida, United States",2
Raquel Pennington,"Colorado Springs, Colorado, United States",1839
Sam Alvey,"Murrieta, California, United States",334
Ray Borg,"Albuquerque, New Mexico, United States",1619.1
Germaine de Randamie,"Utrecht, Netherlands",5
Urijah Faber,"Sacramento, California, United States",9
Josh Emmett,"Sacramento, California, United States",9
Mirsad Bektić,"Montreal, Quebec, Canada",233
Cezar Ferreira,"Belo Horizonte, Minas Gerais, Brazil",760
Mike Rodríguez,"Boston, Massachusetts, United States",43
Andre Fili,"Sacramento, California, United States",9
Sheymon Moraes,"Los Angeles, California United State",93
Julianna Peña,"Chicago, Illinois",182.02
Nicco Montaño,"Albuquerque, New Mexico, United States",1619.1
Ryan Hall,"Falls Church, Virginia, USA",99
Darren Elkins,"Portage, Indiana, United States",194
Jonathan Martinez,"Plainview, Texas, United States",1026
Brianna Van Buren,"Gilroy, California, United States",61
Lívia Renata Souza,"Araraquara, Sao Paulo, Brazil",664
Benito Lopez,"Oroville, California, United States",51
Jon Jones (c),"Albuquerque, New Mexico, USA",1619.1
Thiago Santos,"Rio de Janeiro, Brazil",1020
Amanda Nunes (c),"Salvador, Bahia, Brazil",8
Holly Holm,"Albuquerque, New Mexico",1619.1
Luke Rockhold,"San Jose, California, USA",25
Diego Sanchez,"Albuquerque, New Mexico, USA",1619.1
Gilbert Melendez,"San Francisco, California, United States",16
Cláudia Gadelha,"Las Vegas, Nevada, USA",610
Yadong Song,"Sacramento, California, United States",9
Alejandro Pérez,"San Jose, California, United States",25
Julia Avila,"Oklahoma City, Oklahoma",366
Junior dos Santos,"Salvador, Bahia, Brazil",8
Joseph Benavidez,"Sacramento, California, USA",9
Jussier Formiga,"Natal, Rio Grande do Norte, Brazil ",30
Vinc Pichel,"Lancaster, California, United States",719
Drew Dober,"Denver, Colorado, United States",1734
Marco Polo Reyes,"Tepic, Nayarit, Mexico",920
Emily Whitmire,"Las Vegas, Nevada, United States",610
Júnior Albini,"Parnagua, Parana, Brazil",334
Chan Sung Jung,"Seoul, South Korea",38
Renato Moicano,"Coconut Creek, Florida, United States",4
Bryan Barberena,"Gastonia, North Carolina, United States",243
Montana De La Rosa,"Fort worth, Texas, United States",216
Dan Ige,"Las Vegas, Nevada, United States",610
Kevin Aguilar,"Longview, Texas, United States",113
Henry Cejudo,"Phoenix, Arizona, United States",331
Jessica Eye,"Las Vegas, Nevada",610
Tony Ferguson,"Ventura, California, USA",11
Petr Yan,"Omsk, Omsk Oblast, Russia",90
Tatiana Suarez,"Rancho Cucamonga, California",368
Nina Ansaroff,"Fort Lauderdale, Florida, United States",2.75
Aljamain Sterling,"Uniondale, New York, USA",16
Pedro Munhoz,"Gardena, California, United States",15
Karolina Kowalkiewicz,"Łódź, Poland",278
Ricardo Lamas,"Miami, Florida, United States",2
Xiaonan Yan,"Beijing, China",43.5
Eddie Wineland,"Chesterton, Indiana, United States",195
Anthony Smith,"Denver, Colorado, United States",1734
Alexander Gustafsson,"Stockholm, Sweden",28
Jimi Manuwa,"London, England, United Kingdom",11
Chris Fishgold,"Liverpool, England",70
Damir Hadžović,"Copenhagen, Denmark",91
Daniel Teymur,"Stockholm, Sweden",28
Tonya Evinger,"Houston,Texas",32
Leonardo Santos,"Campos dos Goytacazes, Brazil",14
Nick Hein,"Cologne, Germany",37
Nik Lentz,"Eden Prairie, Minnesota",270
Desmond Green,"Lantana, Florida, United States",3
Michael Trizano,"Ramsey, New Jersey, United States",107
Patrick Cummins,"Las Vegas, Nevada, United States",610
Jéssica Andrade,"Niterói, Rio de Janeiro, Brazil",0
Rose Namajunas (c),"Milwaukee, Wisconsin, USA",188
Anderson Silva,"Curitiba, Brazil",934.6
José Aldo,"Manaus, Brazil",92
Antônio Rogério Nogueira,"Gardena, California, USA",15
Kurt Holobaugh,"Denham Springs, Louisiana, United States",13
B.J. Penn,"Hilo, Hawaii",18
Priscila Cachoeira,"Rio de Janeiro, Brazil",1020
Elias Theodorou,"Toronto, Ontario, Canada",76.5
Aiemann Zahabi,"Laval, Quebec, Canada",91
Arjan Bhullar,"Richmond, British Columbia, Canada",12
Mitch Gagnon,"Sudbury, Ontario, Canada",347.5
Dmitry Smolyakov,"Kaliningrad, Russia",5
John Lineker,"Paranagua, Parana, Brazil",5
Ben Saunders,"Orlando, Florida, United States",25
Sultan Aliev,"Derbent, Dagestan, Russia",0
Keita Nakamura,"Tokyo, Japan",40
Gadzhimurad Antigulov,"Makhachkala, Dagestan, Russia",10
Magomed Mustafaev,"Sochi, Krasnodar krai, Russia ",65
Dustin Poirier,"Coconut Creek, Florida, USA",4
Max Holloway,"Waianae, Hawaii, United States",4
Israel Adesanya,"Auckland, New Zealand",196
Dwight Grant,"New York City, United State",10
Alan Jouban,"Los Angeles, California, United States",93
Jalin Turner,"San Bernardino, California, United States",321
Wilson Reis,"San Diego, California",19
Curtis Millender,"Anaheim, California, United States",48
Montel Jackson,"Milwaukee, Wisconsin, United State",188
Poliana Botelho,"Rio de Janeiro, Rio de Janeiro, Brazil",1020
Jessica Aguilar,"Poza Rica, Veracruz, Mexico",50
Alex Perez,"Lemoore, California, United States",70
Justin Willis,"San Jose, California, United States",25
John Makdessi,"Laval, Quebec, Canada",91
Frankie Saenz,"Scottsdale, Arizona, United States",380
Eric Shelton,"East Moline, Illinois, United States",176
José Quiñónez,"Tijuana, Baja California, Mexico",20
Jordan Rinaldi,"Las Vegas, Nevada, United States",610
Joseph Duffy,"Donegal, Ireland",751
Saparbek Safarov,"Makhachkala, Dagestan, Russia",10
Danny Henry,"Edinburgh, Scotland, United Kingdom",47
Nad Narimani,"Bristol, England",11
Tim Boetsch,"Sunbury, Pennsylvania, USA",140
Marion Reneau,"Visalia, California, United States",101
Zak Ottow,"Milwaukee, Wisconsin, United States",188
Kamaru Usman,"Fort Lauderdale, Florida, USA",2.75
Tyron Woodley (c),"St. Louis, Missouri, USA",142
Cody Garbrandt,"Sacramento, California, United States",9
Charles Byrd,"Plano, Texas, United States",203
Gina Mazany,"Las Vegas, Nevada, United States",610
Marcos Rogério de Lima,"Ribeirão Pires, São Paulo, Brazil",800
John Dodson,"Albuquerque, New Mexico, United States",1619.1
Carlo Pedersoli Jr.,"Rome, Italy",21
Michel Prazeres,"Belem, Pará, Brazil",10
Cain Velasquez,"San Jose, California, United States",25
Cortney Casey,"Mesa, Arizona, United States",377.952
Myles Jury,"San Diego, California",19
Ashlee Evans-Smith,"Ukiah, California",193
Luke Sanders,"Clarksville, Tennessee, United States",145
Rani Yahya,"Brasília, Brazil",1172
Shane Young,"Auckland, New Zealand",196
Austin Arnett,"Clarkston, Washington United State",246
Teruto Ishihara,"Sacramento, California, United States",9
David Teymur,"Stockholm, Sweden",28
Magomed Bibulatov,"Grozny, Chechnya, Russia",130
Henry Cejudo (c),"Phoenix, Arizona, United States",331
T.J. Dillashaw,"Denver, Colorado, USA",1734
Yancy Medeiros,"Makaha, Hawaii, United States",6
Dustin Ortiz,"Franklin, Tennessee, United States",196
Paige VanZant,"Portland, Oregon",15.2
Rachael Ostovich,"Hawaii, United States",920
Dennis Bermudez,"Lindenhurst, New York, United States",9
Jon Jones,"Albuquerque, New Mexico, USA",1619.1
Amanda Nunes,"Salvador, Bahia, Brazil",8
Cris Cyborg (c),"San Diego, California, USA",19
Carlos Condit,"Albuquerque, New Mexico, USA",1619.1
Chad Mendes,"Sacramento, California, USA",9
Cat Zingano,"Denver, Colorado, USA",1734
Brian Kelleher,"Selden, New York, United States",27
Chris de la Rocha,"Washougal, Washington, United States",24
Brian Ortega,"Torrance, California, United States",27
Valentina Shevchenko,"Bishkek, Kyrgyzstan",800
Matthew Lopez,"Denver, Colorado, United States",1734
Chad Laprise,"London, Ontario, Canada",251
Bryan Caraway,"Las Vegas, Nevada, United States",610
Rick Glenn,"Sacramento, California, United States",9
Michel Batista,"Miami, Florida, United States",2
Darrell Horcher,"Shermans Dale, Pennsylvania, United States",143
Ricky Rainey,"Charlotte, North Carolina, United States",232
Rashad Coulter,"Dallas Texas, United States",131
Yan Xiaonan,"Beijing, China",43.5
Santiago Ponzinibbio,"Coconut Creek, Florida, USA",4
Neil Magny,"Arvada, Colorado, United States",1662
Guido Cannetti,"San Antonio de Padua, Buenos Aires, Argentina",20
Bartosz Fabiński,"Warsaw, Poland",116
Ulka Sasaki,"Garden City, New York, USA",27
Devin Powell,"South Berwick, Maine, United States",31
Amanda Cooper,"Fowlerville, Michigan, United States ",275
Joby Sanchez,"Albuquerque, New Mexico, United States",1619.1
Jason Knight,"D'Iberville, Mississippi, United States",4
Alex Garcia,"Montreal, Quebec, Canada",233
Sean Strickland,"Corona, California, United States",207
Thibault Gouti,"Albuquerque, New Mexico, United States",1619.1
Jessin Ayari,"Nuremberg, Germany",302
Khabib Nurmagomedov,"Makhachkala, Dagestan, Russia ",10
Felice Herrig,"Crystal Lake, Illinois",287
Alan Patrick,"Orlando, Florida",25
Gray Maynard,"Las Vegas, Nevada, United States",610
Tony Martin,"Boston, Massachusetts, United States",43
Ryan LaFlare,"Farmingdale, New York",21
Evan Dunham,"Las Vegas, Nevada, United States",610
Luis Henrique,"Rio de Janeiro, Brazil",1020
Chase Sherman,"D'Iberville, Mississippi, United States",4
Thales Leites,"Niterói, Rio de Janeiro, Brazil",0
Hector Lombard,"Coconut Creek, Florida, United States",4
C.B. Dollaway,"Tempe, Arizona",455.68
Kajan Johnson,"Montreal, Quebec, Canada",233
Jordan Johnson,"San Diego, California, United States",19
Abdul Razak Alhassan,"Fort Worth, Texas, United States",216
Jarred Brooks,"Detroit, Michigan, United States",200
Roberto Sanchez,"Houston, Texas, United States",32
Jake Ellenberger,"Lake Forest, California, United States",148
John Moraga,"Phoenix, Arizona, United States",331
Iuri Alcântara,"Soure, Pará, Brazil",10
Markus Perez Echeimberg,"Sao Paulo, Brazil",760
George Sullivan,"Belmar, New Jersey, United States",4
T.J. Dillashaw (c),"Denver, Colorado, USA",1734
Demetrious Johnson (c),"Parkland, Washington, USA",115
Danielle Taylor,California ,880
Eddie Alvarez,"Philadelphia, Pennsylvania, United States",12
Jordan Mein,"Lethbridge, Alberta, Canada",910
Matheus Nicolau,"Rio de Janeiro, Brazil",1020
Álvaro Herrera,"Guadalajara, Jalisco, Mexico",1566
Vitor Miranda,"Joinville, Santa Catarina, Brazil",4
Jeremy Kimball,"Colorado Springs, Colorado, United States",1839
Damian Stasiak,"Łódź, Poland",278
Sage Northcutt,"Sacramento, California, United States",9
Justin Scoggins,"Spartanburg, South Carolina, United States",246
Daniel Cormier,"San Jose, California, USA",25
Stipe Miocic (c),"Independence, Ohio, USA",263
Gökhan Saki,"Kars, Turkey",1768
Jamie Moyle,"Riverside, CA, United States",252
Barb Honchak,"High Ridge, Missouri, United States",283
Matt Bessette,"Hartford, Connecticut, United States",18
Daichi Abe,"Tokyo, Japan",40
Felipe Arantes,"Newark, New Jersey",4
Rolando Dy,"Parañaque, Philippines",12.0
Viviane Pereira,"Fortaleza, Ceará, Brazil",21
Jenel Lausa,"Manila, Philippines",5
Melinda Fábián,"Budapest, Hungary",96
Rashad Evans,"Boca Raton, Florida, United States",4
Gleison Tibau,"Coconut Creek, Florida, United States",4
Johnny Eduardo,"Fairfield, New Jersey, United States",53
Mads Burnell,"Copenhagen, Denmark",91
Tom Breese,"Birmingham, England",140
Dan Kelly,"Melbourne, Australia",31
Diego Rivas,"Cholchol, Temuco, Chile",22
Henry Briones,"Tijuana, Baja California, Mexico",20
Felipe Silva,"Juiz de Fora, Minas Gerais, Brazil",678
Lyoto Machida,"Los Angeles, California, United States",93
Vitor Belfort,"Rio de Janeiro, Brazil",1020
Alberto Mina,"Los Angeles, California, United States",93
Luan Chagas,"Navirai, Mato Grosso do Sul, Brazil",362
Patrick Williams,"Homestead, Florida, United States",1
Chris Gruetzemacher,"Surprise, Arizona, United States",358
Fabrício Werdum,"Los Angeles, California, USA",93
Peter Sobotta,"Balingen, Germany",517
Sean O’Malley,"Glendale, Arizona, United States",351
Ketlen Vieira,"Manaus, Amazonas, Brazil",92
Mike Pyle,"Las Vegas, Nevada, United States",610
Sara McMann,"Gaffney, South Carolina, USA",245
Russell Doane,"Honolulu, Hawaii, United States",6
Brian Camozzi,"Parker, Colorado, United States",1789
Josh Burkman,"Salt Lake City, Utah, United States",1288
Cyril Asker,"Nimes, France",215
Jeremy Kennedy,"Surrey, British Columbia, Canada",134
Timothy Johnson,"Fargo, North Dakota, United States",274
Joe Soto,"Santa Rosa, California, United States",50
Godofredo Pepey,"Fortaleza, Ceará, Brazil",21
Juliana Lima,"Belo Horizonte, Brazil",760
Justine Kish,"Los Angeles, California",93
Francimar Barroso,"Las Vegas, Nevada, United States",610
Thomas Almeida,"São Paulo, Brazil",760
Sabah Homasi,"Coconut Creek, Florida, United States",4
Khalil Rountree,"Los Angeles, California, United States",93
Abel Trujillo,"Colorado, United States",2070
Oluwale Bamgbose,"The Bronx, New York, United States",90
Angela Magaña,"Farmington, New Mexico, United States",1644
Sean O'Malley,"Glendale, Arizona, United States",351
DeAnna Bennett,"Orem, Utah, USA",1455
Ryan Janes,"Victoria, British Columbia, Canada",23
Michael Bisping,"Manchester, England",38
Bobby Nash,"Macomb, Michigan, United States",184
Kailin Curran,"Ewa Beach, Hawaii, USA",3
Bojan Veličković,"Denver, Colorado, United States",1734
Ryan Benoit,"Dallas, Texas, United States",131
Will Brooks,"Coconut Creek, Florida, United States",4
Anthony Hamilton,"Albuquerque, New Mexico, United States",1619.1
Matt Brown,"Columbus, Ohio, United States",275
Nate Marquardt,"Denver, Colorado, United States",1734
Jake Collier,"Cuba, Missouri, United States",305
Marcel Fortuna,"Florida, United States",30
Georges St-Pierre,"Montreal, Quebec, Canada",233
Michael Bisping (c),"Manchester, England",38
Cody Garbrandt (c),"Sacramento, California, United States",9
Rose Namajunas,"Milwaukee, Wisconsin, USA",188
Joanna Jędrzejczyk (c),"Olsztyn, Poland",154
Johny Hendricks,"Fort Worth, Texas, USA",216
Hacran Dias,"Rio de Janeiro, Brazil",1020
Christian Colombo,"Copenhagen, Denmark",91
Jonathan Wilson,"San Bernardino, California, United States",321
Pearl Gonzalez,"Cicero, Illinois United State",185
Marco Beltrán,"Mexico City, Mexico",2240
Takanori Gomi,"Tokyo, Japan",40
Hyun Gyu Lim,"Seoul, South Korea",38
Jason Saggo,"Charlottetown, Prince Edward Island, Canada",49
Mitch Clarke,"Edmonton, Alberta, Canada",645
Adriano Martins,"Manaus, Amazonas, Brazil",92
Bojan Mihajlović,"Novi Sad, Serbia",80
Andrew Holbrook,"Indianapolis, Indiana, United States",218
Hector Sandoval,"Sacramento, California",9
Rafael Natal,"New York City, New York, USA",10
Damian Grabowski,"Opole, Poland",176
Chris Wade,"Islip, New York, United States",2
Frankie Perez,"Howell, New Jersey , USA",30
Leslie Smith,"Pleasant Hill, California, USA",16
Daniel Omielańczuk,"Warsaw, Poland",116
Travis Browne,"Albuquerque, New Mexico, USA",1619.1
Jesse Taylor,"Murrieta, California, United States",334
Joachim Christensen,"Copenhagen, Denmark",91
Dennis Siver,"Mannheim, Germany",97
Johnny Case,"Las Vegas, Nevada, United States",610
Josh Stansbury,"East Liverpool, Ohio, United States",234
Tarec Saffiedine,"Temecula, California, United States",310
Kwan Ho Kwak,"Seoul, South Korea",38
Dominique Steele,"Cincinnati, Ohio, USA",147
Max Holloway (ic),"Waianae, Hawaii, United States",4
José Aldo (c),"Manaus, Brazil",92
Chris Camozzi,"Lakewood, Colorado, United States",1682
Reza Madadi,"Stockholm, Sweden",28
Nico Musoke,"Stockholm, Sweden",28
Michael McBride,"Webster City, Iowa , United States",317
Jessica Penne,"Huntington Beach, California, United States",12
Joe Proctor,"Easton, Massachusetts, United States",34
Roy Nelson,"Las Vegas, Nevada, USA",610
Rashid Magomedov,"Makhachkala, Dagestan, Russia",10
Augusto Mendes,"Glendale, Arizona, United States",351
Nathan Coy,"Coconut Creek, Florida, United States",4
Anthony Johnson,"Boca Raton, Florida, United States",4
Gegard Mousasi,"Leiden, Netherlands",0
Patrick Côté,"Montreal, Quebec, Canada",233
Mike De La Torre,"Glendale, Arizona",351
Brad Pickett,"London, England",11
Joe Duffy,"Donegal, Ireland",751
Garreth McLellan,"Johannesburg, South Africa",1753
Sam Sicilia,"Spokane, Washington, United States",562
Roan Carneiro,"Atlanta, Georgia, United States",320
Viktor Pešta,"Prague, Czech Republic",399
Jocelyn Jones-Lybarger,"Fresno, California, United States",94
Ronda Rousey,"Santa Monica, California, USA",32
Dominick Cruz (c),"San Diego, California, U.S",19
Brandon Thatch,"Denver, Colorado, United States",1734
Cole Miller,"Coconut Creek, Florida",4
James Moontasri,"Los Angeles, California, United States",93
Fredy Serrano,"Bogotá, Distrito Capital, Colombia",2640
Tim Kennedy,"Austin, Texas, USA",405
Valérie Létourneau,"Coconut Creek, Florida, United States",4
Zach Makovsky,"Philadelphia, Pennsylvania, United States",12
Sean O'Connell,"Salt Lake City, Utah, United States",1288
Kyle Noke,"Albuquerque, New Mexico, United States",1619.1
Jonathan Meunier,"Quebec City, Quebec, Canada",98
Geane Herrera,"Tampa, Florida, United States",14.6
Ning Guangyou,"Beijing, China",43.5
Yao Zhikui,"Beijing, China",43.5
Ryan Bader,"Chandler, Arizona, United States",370
Magnus Cedenblad,"Stockholm, Sweden",28
Kyoji Horiguchi,"Coconut Creek, Florida, United States",4
Ali Bagautinov,"Kizlyar, Dagestan ASSR, Russian SFSR, Soviet Union",1
Milana Dudieva,"Vladikavkaz, North Ossetia-Alania, Russia",692
Eddie Alvarez (c),"Philadelphia, Pennsylvania, United States",12
Miesha Tate,"Las Vegas, Nevada, United States",610
Érik Pérez,"San Diego, California, United States",19
Alex Nicholson,"Orlando, Florida, United States",25
Dan Henderson,"Temecula, California, USA",310
Albert Tumenov,"Nalchik, Kabardino-Balkaria, Russia ",512
Tamdan McCrory,"Binghamton, New York, United States",260
Antônio Silva,"Campina Grande, Paraíba, Brazil",560
Héctor Urbina,"Coconut Creek, Florida",4
Kenny Robertson,"Spring Bay, Illinois, United States",149
Maximo Blanco,"Albuquerque, New Mexico, United States",1619.1
Augusto Montaño,"Mexico City, Mexico",2240
Caio Magalhães,"Fortaleza, Ceara, Brazil",21
Sean Spencer,"Dallas, Texas, United States",131
Josh Barnett,"Fullerton, California, USA",50
Tae Hyun Bang,"Seoul, South Korea",38
Leandro Silva,"São Paulo, Brazil",760
Kevin Casey,"Hawthorne, California, USA",22
Shane Campbell,"Kelowna, British Columbia, Canada",344
Rick Story,"Vancouver, Washington, United States",52
Elizabeth Phillips,"Spokane, Washington, United States",562
Lorenz Larkin,"Riverside, California, United States",252
Tyron Woodley,"St. Louis, Missouri, USA",142
Robbie Lawler (c),"Coconut Creek, Florida, USA",4
Francisco Rivera,"Buena Park, California, United States",23
Michael Graves,"Coconut Creek, Florida, United States",4
Jim Alers,"Pembroke Pines, Florida, United States",2
Michael McDonald,"Modesto, California, United States",27
Josh Samman,"Tallahassee, Florida, USA",62
Cody Pfister,"Boulder, Colorado, United States",1624
Miesha Tate (c),"Las Vegas, Nevada, United States",610
Brock Lesnar,"Regina, Saskatchewan, Canada",577
Enrique Marín,"Huntington Beach, California, United States",12
Thiago Tavares,"Florianópolis, Santa Catarina, Brazil",3
Rafael dos Anjos (c),"Huntington Beach, California, United States",12
Mehdi Baghdad,"Los Angeles, California, United States",93
Anthony Birchak,"Tucson, Arizona, United States",728
Jerrod Sanders,"Oklahoma City, Oklahoma, United States",366
Rory MacDonald,"Montreal, Quebec, Canada",233
Chris Beal,"Ventura, California, United States",11
Luke Rockhold (c),"San Jose, California, USA",25
Fabrício Werdum (c),"Los Angeles, California, USA",93
Yan Cabral,"Barcelona, Spain",12
Willie Gates,"Fontana, California, United States",377
Chris Kelades,"Dartmouth, Nova Scotia, Canada",113
Clint Hester,"Boca Raton, Florida, United States",4
Efrain Escudero,"Somerton, Arizona, USA",32
Gabriel Gonzaga,"Worcester, Massachusetts, United States",146
Igor Pokrajac,"Zagreb, Croatia",158
Lucas Martins,"Montes Claros, Minas Gerais, Brazil",678
Frank Mir,"Las Vegas, Nevada, United States",610
Mark Eddiva,"Baguio City, Philippines",1540
Viscardi Andrade,"São Paulo, Brazil",760
Holly Holm (c),"Albuquerque, New Mexico",1619.1
Tom Lawlor,"Las Vegas, Nevada, United States",610
Justin Salas,"Denver, Colorado",1734
Yaotzin Meza,"Glendale, Arizona, United States",351
Joe Riggs,"Phoenix, Arizona, United States",331
Daniel Sarafian,"Sao Paulo, Brazil",760
Jared Rosholt,"Arlington, Texas, United States",184
Rafael Cavalcante,"Rio de Janeiro, Brazil",1020
K.J. Noons,"San Diego, California, United States",19
Noad Lahat,"San Jose, California",25
Matt Dwyer,"Kelowna, British Columbia, Canada",344
Damon Jackson,"Dallas, Texas, United States",131
Levan Makashvili,"Oceanside, New York, United States",3
Dominick Cruz,"San Diego, California, U.S",19
Matt Mitrione,"Boca Raton, Florida, United States",4
Daron Cruickshank,"Wayne, Michigan, United States",200
Diego Brandão,"San Antonio, Texas",198
Tony Sims,"Denver, Colorado, United States",1734
Sheldon Westcott,"St. Albert, Alberta, Canada",689
Edgar García,"Yuma, Arizona, United States",43
Sarah Kaufman,"Victoria, British Columbia, Canada",23
Danny Castillo,"Sacramento, California",9
Hayder Hassan,"Coconut Creek, Florida, United States",4
Chris Weidman (c),"Baldwin, New York, USA",7.0104
Mike Pierce,"Portland, Oregon, United States",15.2
Abner Lloveras,"Ludlow, Massachusetts, USA ",168
John Howard,"Boston, Massachusetts, United States",43
Emily Kagan,"Albuquerque, New Mexico[1]",1619.1
Benson Henderson,"Glendale, Arizona, USA",351
Scott Jorgensen,"Boise, Idaho, United States",830
Ronda Rousey (c),"Santa Monica, California, USA",32
Akbarh Arreola,"Chula Vista, California, United States",20
Danny Martinez,"San Diego, California, United States",19
Piotr Hallmann,"Gdynia, Poland",205
Fabio Maldonado,"Florianópolis, Brazil ",3
Kevin Souza,"Florianópolis, Santa Catarina, Brazil",3
Gasan Umalatov,"Astrakhan, Volga region, Russia ",25
Shawn Jordan,"Albuquerque, New Mexico, United States",1619.1
Chris Cariaso,"Tucson, AZ",728
Chico Camus,"Milwaukee, Wisconsin, United States",188
George Roop,"Tucson, Arizona",728
Diego Brandao,"San Antonio, Texas",198
Clay Collard,"Las Vegas, Nevada, United States",610
Ron Stallings,"Camp Springs, Maryland, United States",81
Nazareno Malegarie,"Buenos Aires, Argentina",25
Sam Stout,"London, Ontario, Canada",251
Yves Jabouin,"Montreal, Quebec, Canada",233
Elias Silvério,"Sao Paulo, Brazil",760
Sirwan Kakai,"Gothenburg, Sweden",12
Roman Salazar,"Scottsdale, Arizona, United States",380
Antônio Rodrigo Nogueira,"Rio de Janeiro, Brazil",1020
Hugo Viana,"Salvador, Bahia, Brazil",8
Ramsey Nijem,"Orem, Utah",1455
Jessamyn Duke,"Richmond, Kentucky, United States",296
Ivan Jorge,"Florianopolis, Santa Catarina, Brazil",3
Pawel Pawlak,"Lodz, Poland",278
Leonardo Mafra,"Balneário Camboriú, Santa Catarina Brazil",2
Vaughan Lee,"Birmingham, England",140
Hans Stringer,"Boca Raton, Florida, United States, Rhenen, Netherlands",4
Marcus Brimage,"Coconut Creek, Florida,",4
Josh Thomson,"San Jose, California, United States",25
Igor Araújo,"Albuquerque, New Mexico, United States",1619.1
Ildemar Alcântara,"Soure, Pará, Brazil",10
Andrew Craig,"Houston, Texas, United States",32
Dan Miller,"Sparta Township, New Jersey, United States",190
Darrell Montague,"Chino, California, United States",222
Mike Swick,"San Jose, California",25
Yosdenis Cedeno,"Miami, Florida",2
Eddie Gordon,"Uniondale, New York",16
Niklas Bäckström,"Stockholm, Sweden",28
Yuta Sasaki,"Garden City, New York, USA",27
Fabrício Werdum (ic),"Los Angeles, California, USA",93
Cain Velasquez (c),"San Jose, California, United States",25
Brian Ebersole,"Phuket, Thailand",529
Justin Edwards,"Bellefontaine, Ohio, United States",379
Ryan Jimmo,"Edmonton, Alberta, Canada
Gilbert, Arizona, USA",645
Mark Muñoz,"Lake Forest, California, United States",148
Luke Barnatt,"Cambridge, England",6
Lisa Ellis,"Olympia, Washington",29
Alptekin Özkılıç,"Hicksville, New York, United States",45
Quinton Jackson,"Irvine, California, USA",17
Fábio Maldonado,"Florianópolis, Brazil ",3
David Michaud,"Glendale, Arizona, United States",351
Chris Clements,"London, Ontario, Canada",251
Jessica Rakoczy,"Hamilton, Ontario, Canada",324
Jimy Hettes,"Swoyersville, Pennsylvania",170
Mirko Cro Cop,"Zagreb, Croatia",158
Seth Baczynski,"Apache Junction, Arizona, United States",525
Robbie Peralta,"Escondido, California, United States",197
Josh Koscheck,"Fresno, California, United States",94
Cain Carrizosa,"Woodlake, California, United States",134
Anthony Pettis (c),"Milwaukee, Wisconsin, USA",188
Carla Esparza (c),"Redondo Beach, California, United States",19
Roger Narvaez,"Corpus Christi, Texas, United States",2
Jake Lindsey,"Manhattan, Kansas, United States",310
Norifumi Yamamoto,"Tokyo, Japan",40
Ruan Potts,"Boksburg, South Africa",1694
William Macário,"Rio de Janeiro, Brazil",1020
Cody Gibson,"Visalia, California, United States",101
Josh Shockley,"Hobart, Indiana, United States",190
Nick Diaz,"Stockton, California, United States",4
Ian McCall,"Dana Point, California, United States",44
Andy Enz,"Anchorage, Alaska, United States",31
Phil Davis,"Chula Vista, California, United States",20
Akira Corassani,"New York City, New York",10
Stanislav Nedkov,"Veliko Tarnovo, Bulgaria",220
Shane Howell,"Oklahoma City, Oklahoma, United States",366
Sean Soriano,"Boca Raton, Florida, United States",4
Matt Van Buren,"Chula Vista, California, United States",20
Tateki Matsuda,"Somerville, Massachusetts, United States",4
Louis Gaudinot,"Hoboken, New Jersey, United States",8
Rodrigo Damm,"São Paulo, Brazil",760
Mats Nilsson,"Copenhagen, Denmark",91
Mike Rhodes,"Milwaukee, Wisconsin, United States",188
Tom Niinimäki,"Boca Raton, Florida, United States",4
Jamie Varner,"Glendale, Arizona, USA",351
Dustin Kimura,"Honolulu, Hawaii, United States",6
Johny Hendricks (c),"Fort Worth, Texas, USA",216
Brendan Schaub,"Los Angeles, California, United States",93
Matt Hobar,"Dallas, Texas, United States",131
Isaac Vallie-Flagg,"Albuquerque, New Mexico, United States",1619.1
Yves Edwards,"The Woodlands, Texas, United States",50
Vagner Rocha,"Pembroke Pines, Florida, United States",2
Guto Inocente,"Delray Beach, Florida, United States",2.7
Luke Zachrich,"Columbus, Ohio, United States (current) ",275
Jumabieke Tuerxun,"Xi'an, Shaanxi, China",405
Fabrício Camões,"San Diego, California, United States",19
Bruno Santos,"Miami, Florida, United States",22
Anthony Njokuani,"Las Vegas, Nevada, United States",610
Tor Troéng,"Umeå, Sweden",12
Ernest Chavez,"Orange County, California",1730
Amir Sadollah,"Richmond, Virginia",45.7
Kazuki Tokudome,"Tokyo, Japan",40
Dashon Johnson,"Escondido, California, USA",197
Paulo Thiago,"Brasília, Distrito Federal, Brazil",1172
Johnny Bedford,"Fort Worth, Texas, United States",216
Francis Carmont,"Montreal, Quebec, Canada",233
Cung Le,"San Jose, California USA",25
Roland Delorme,"Winnipeg, Manitoba, Canada",239
Kyle Kingsbury,"San Jose, California, United States",25
Steven Siler,"Orem, Utah, United States",1455
Cody Donovan,"Denver, Colorado, United States",1734
Pat Healy,"Portland, Oregon, United States",15.2
Jesse Ronson,"London, Ontario, Canada",251
Daniel Spohn,"Columbus, Ohio, United States",275
Robert Drysdale,"Provo, Utah, United States",1387
Mike Easton,"Washington, D.C.",125
Jason High,"Lakewood, California",14
Lance Benoist,"St.Louis, Missouri",142
Bobby Voelker,"Kansas City, Missouri, United States",277
Elias Silverio,"Sao Paulo, Brazil",760
Renan Barão (c),"Rio de Janeiro, Brazil",1020
Chris Holdsworth,"Sacramento, California",9
Anthony Lapsley,"Fort Wayne, Indiana, United States",247
Estevan Payan,"Tempe, Arizona, United States",455.68
Ronny Markes,"Rio de Janeiro, Brazil",1020
Thiago Perpétuo,"Santo Andre, Sao Paulo, Brazil",700
Jake Shields,"San Francisco, California, United States",16
Renée Forte,"Fortaleza, Ceara, Brazil",21
Will Campuzano,"Little Elm, Texas, United States",166
Bubba McDaniel,"Wichita Falls, Texas, United States",289
Daniel Pineda,"Houston, Texas, United States",32
Melvin Guillard,"Denver, Colorado, United States",1734
Ivan Menjivar,"Montreal, Quebec, Canada",233
Nam Phan,"Garden Grove, California, United States",27
TJ Waldburger,"Temple, Texas, United States",219
Rafaello Oliveira,"Charleston, South Carolina, United States",6
Cristiano Marcello,"Curitiba, Brazil",934.6
Nick Catone,"Brick Township, New Jersey, USA",5
Mike Rio,"Miami, Florida, United States",2
Quinn Mulhern,"Albuquerque, New Mexico, United States",1619.1
Chris Leben,"Chula Vista, California, United States",20
Mac Danzig,"Los Angeles, California, USA",93
Cody McKenzie,"Spokane, Washington, United States",562
Roger Bowling,"Cincinnati, Ohio, United States",147
Darren Uyenoyama,"San Francisco, California, United States",16
Julie Kedzie,"Albuquerque, New Mexico",1619.1
Caio Magalhaes,"Fortaleza, Ceara, Brazil",21
Nick Ring,"Calgary, Alberta, Canada",1045
Peggy Morgan,"Biloxi, Mississippi, United States",6
Georges St-Pierre (c),"Montreal, Quebec, Canada",233
Chael Sonnen,"West Linn, Oregon, United States",32
Edwin Figueroa,"McKinney, Texas, United States",192
Alessio Sakara,"Miami, Florida, United States",2
Rosi Sexton,"Manchester, England",38
Michael Kuiper,"Tilburg, Netherlands",14
George Sotiropoulos,"Vancouver, Washington, United States",52
Adlan Amagov,"Fairfield, New Jersey, United States",53
Jeremy Larsen,"Phoenix, Arizona, United States",331
Dustin Pague,"Harrisburg, Pennsylvania, United States",98
Thiago Silva,"Boca Raton, Florida, United States",4
Matt Hamill,"Utica, New York, United States",139
Joey Beltran,"Carlsbad, California, United States",16
Rousimar Palhares,"Rio de Janeiro, Brazil",1020
Ildemar Alcantara,"Soure, Pará, Brazil",10
David Mitchell,"Santa Rosa, California, United States",50
Iliarde Santos,"Belém, Pará, Brazil",10
Renan Barão (ic),"Rio de Janeiro, Brazil",1020
Mike Ricci,"Montreal, Quebec, Canada",233
Marcos Vinicius,"Curitiba, Brazil",934.6
João Zeferino,"Middletown, New York, United States",160
Keith Wisniewski,"Portage, Indiana, United States",194
Yuri Villefort,"Boca Raton, Florida, United States",4
Benson Henderson (c),"Glendale, Arizona, USA",351
Brandon Vera,"Quezon City, Philippines",92.0
Pascal Krauss,"Milwaukee, Wisconsin, USA",188
Ryan Couture,"Las Vegas, Nevada, United States",610
Jared Hamman,"El Segundo, California, United States",35
Martin Kampmann,"Las Vegas, Nevada, United States",610
Brian Melancon,"Houston, Texas, United States",32
Papy Abedi,"Stockholm, Sweden",28
James Head,"Oklahoma City, Oklahoma",366
Mike Brown,"Coconut Creek, Florida, USA",4
Vinny Magalhães,"Las Vegas, Nevada, United States",610
Sheila Gaff,"Offenbach am Main, Germany",98
Aaron Riley,"Albuquerque, New Mexico, United States",1619.1
John Albert,"Puyallup, Washington",14
Anderson Silva (c),"Curitiba, Brazil",934.6
Roger Gracie,"London, England",11
Dave Herman,"Temecula, California, United States",310
Sean Pierson,"Toronto, Ontario, Canada",76.5
John Maguire,"Cambridge, England, UK",6
Karlos Vemola,"London, England",11
Nah-Shon Burrell,"Philadelphia, Pennsylvania, United States",12
Brian Bowles,"Athens, Georgia, United States",194
John Cholish,"New York, New York, United States",10
Roger Hollett,"Halifax, Nova Scotia",241.9
Alan Belcher,"Biloxi, Mississippi",6
Vinny Magalhaes,"Las Vegas, Nevada, United States",610
Leonard Garcia,"Lubbock, Texas, United States",976
Justin Lawrence,"Los Angeles, California, United States ",93
Phil De Fries,"Chula Vista, California, United States",20
Pablo Garza,"Fargo, North Dakota, United States",274
Chris Spång,"Las Vegas, Nevada, United States",610
Antonio Carvalho,"Oshawa, Ontario, Canada",106
Issei Tamura,"Tokyo, Japan",40
Reuben Duran,"Redlands, California, United States",414
Wanderlei Silva,"Curitiba, Brazil",934.6
Brian Stann,"Scranton, Pennsylvania, USA",227
Riki Fukuda,"Tokyo, Japan",40
Josh Neer,"Des Moines, Iowa, United States",291
Lavar Johnson,"Fresno, California, United States",94
Matt Grice,"Oklahoma City, Oklahoma, United States",366
Caros Fodor,"Kirkland, Washington, United States",152
Jorge Santiago,"Boca Raton, Florida",4
Terry Etim,"Liverpool, England",70
Paul Sass,"Liverpool, England",70
Josh Grispi,"Rockland, Massachusetts, United States",43
Ulysses Gomez,"Las Vegas, Nevada",610
Jon Fitch,"San Jose, California, United States",25
Jay Hieron,"Las Vegas, Nevada, United States",610
Jacob Volkmann,"White Bear Lake, Minnesota, United States",287
Vladimir Matyushenko,"El Segundo, California, United States",35
Mike Russow,"Alexandria, Minnesota, United States",428
Simeon Thoresen,"Oslo, Norway",23
Junior dos Santos (c),"Salvador, Bahia, Brazil",8
Shane del Rosario,"Irvine, California",17
Jonathan Brookins,"Orlando, Florida, United States",25
Jared Papazian,"Encino, California, USA",235.9
Henry Martinez,"Albuquerque, New Mexico United States",1619.1
Marcus LeVesseur,"Eagan, Minnesota, United States",288
Carlos Condit (ic),"Albuquerque, New Mexico, USA",1619.1
Mark Hominick,"London, Ontario, Canada",251
Chad Griggs,"Tucson, Arizona, United States",728
Rich Franklin,"Cincinnati, Ohio, United States",147
Zhang Tiequan,"Beijing, China PR",43.5
Jeff Hougland,"Enumclaw, Washington, United States",232
Yasuhiro Urushitani,"Tokyo, Japan",40
Tom DeBlass,"Forked River, New Jersey",4
Stephan Bonnar,"Las Vegas, Nevada, United States",610
Wagner Prado,"Rio de Janeiro, Brazil",1020
Luiz Cané,"São Paulo, Brazil",760
Aaron Simpson,"Phoenix, Arizona, USA",331
Carlo Prater,"Brasilia, Brazil",1172
Shane Roller,"Las Vegas, Nevada, United States",610
Diego Nunes,"Los Angeles, California, United States",93
Dan Hardy,"Nottingham, England",46
Duane Ludwig,"Denver, Colorado, United States",1734
DaMarques Johnson,"Sandy, Utah, United States",1356
Jason Young,"London, England",11
Demetrious Johnson,"Parkland, Washington, USA",115
Walel Watson,"San Diego, California",19
Ken Stone,"Coconut Creek, Florida, United States",4
Michihiro Omigawa,"Tokyo, Japan",40
Frankie Edgar (c),"Toms River, New Jersey, USA",8
Damacio Page,"Albuquerque, New Mexico, United States",1619.1
Forrest Griffin,"Las Vegas, Nevada, United States",610
Tito Ortiz,"Huntington Beach, California, United States",12
Delson Heleno,"Teresópolis, Brazil",871
John Teixeira,"Rio de Janeiro, Brazil",1020
Spencer Fisher,"Davenport, Iowa, United States",180
Luis Ramos,"Rio de Janeiro, Brazil",1020
Ricardo Funch,"Ludlow, Massachusetts, United States",168
Jason Miller,"Huntington Beach, California, United States",12
Nick Denis,"Montreal, Quebec, Canada",233
Mike Massenzio,"Paterson, New Jersey, USA",34.1376
Miguel Torres,"Griffith, Indiana, United States",192
Eddie Yagin,"Honolulu, Hawaii, United States",6
Eric Wisely,"Clinton, Iowa, United States",185
Aaron Rosa,"San Antonio, Texas, United States",198
Jake Hecht,"Springfield, Illinois",170
Mackens Semerzier,"Virginia Beach, Virginia, United States",3
Steve Cantwell,"Las Vegas, Nevada, United States",610
Clifford Starks,"Tempe, Arizona, United States",455.68
Chris Cope,"San Diego, California, United States",19
Christian Morecraft,"Plymouth, Massachusetts, United States",57
Jorge Rivera,"Milford, Massachusetts, United States",94
Eric Schafer,"Milwaukee, Wisconsin, United States",188
Kamal Shalorus,"Austin, Texas, United States",405
Daniel Roberts,"San Francisco, California, United States",16
Junior Assunção,"Atlanta, Georgia, United States",320
Claude Patrick,"Toronto, Ontario, Canada",76.5
Krzysztof Soszynski,"Winnipeg, Manitoba, Canada",239
Dennis Hallman,"Yelm, Washington, United States",108
Rich Attonito,"Coconut Creek, Florida",4
Dustin Neace,"Indianapolis, Indiana, United States",218
Jason Brilz,"Omaha, Nebraska, USA",332
Nick Pace,"New York City, New York",10
Shamar Bailey,"Indianapolis, Indiana, United States",218
Clay Harvison,"Atlanta, Georgia, United States",320
Cole Escovedo,"Fresno, California",94
Paul Bradley,"San Diego, CA, United States",19
Edward Faaloloto,"Honolulu, Hawaii, United States",6
Rob Broughton,"Liverpool, England",70
Jeff Curran,"Crystal Lake, Illinois. United States",287
Tyson Griffin,"Las Vegas, Nevada, United States",610
Eliot Marshall,"Boulder, Colorado",1624
Danny Downes,"Milwaukee, Wisconsin",188
Dustin Jacoby,"Arenzville, Illinois, United States",154
Kenny Florian,"Brookline, Massachusetts, USA",15
Tiequan Zhang,"Beijing, China PR",43.5
Matt Hughes,"Hillsboro, Illinois, USA",190
Ricardo Romero,"North Brunswick, New Jersey, United States",37
Jason MacDonald,"Edmonton, Alberta, Canada",645
Donny Walker,"Mentor, Ohio, United States",211
Luiz Cane,"São Paulo, Brazil",760
Ian Loveland,"Portland, Oregon",15.2
Chris Lytle,"Indianapolis, Indiana, United States",218
Jason Reinhardt,"Las Vegas, Nevada, United States",610
Andre Winner,"Leicester, England, United Kingdom",62.5
Javier Vazquez,"Pomona, California, United States",259
Joe Stevenson,"Hesperia, California, United States",971
Shane Carwin,"Denver, Colorado, United States",1734
John-Olav Einemo,"Oslo, Norway",23
Tim Credeur,"Breaux Bridge, Louisiana, United States",7
Chuck O'Neil,"Pawtucket, Rhode Island, United States",11
Kendall Grove,"Maui, Hawaii, United States",3055
Randy Couture,"Roseburg, Oregon, USA",161
Charlie Valencia,"Ontario, California, United States",306
Ryan Jensen,"Albuquerque, New Mexico, United States",1619.1
Jon Madsen,"Granite City, Illinois, United States",130
Kris McCray,"Toms River, New Jersey, United States",8
Sean McCorkle,"Indianapolis, Indiana, United States",218
Mario Miranda,"Seattle, Washington, United States",158
Waylon Lowe,"Coconut Creek, Florida, United States",4
Maurício Rua (c),"Curitiba, Brazil",934.6
Ricardo Almeida,"Robbinsville, New Jersey",37
Kurt Pellegrino,"Point Pleasant, New Jersey",4
Rob Kimmons,"Gladstone, Missouri, United States",286
Chris Tuchscherer,"Oak Grove, Minnesota, United States",273
Antonio Banuelos,"Arroyo Grande, California",36
Gabe Ruediger,"Van Nuys, California",217
Tim Hague,"Edmonton, Alberta, Canada",645
Mike Guymon,"Lake Forest, California",148
Willamy Freire,"Fortaleza, Ceará, Brazil",21
Marcus Davis,"Bangor, Maine, United States",36
Phil Baroni,"San Jose, California, United States",25
Greg Soto,"Oakhurst, New Jersey",14
Antonio McKee,"Lakewood, California, United States",14
Joe Doerksen,"Winnipeg, Manitoba, Canada",239
Dustin Hazelett,"Cincinnati, Ohio, United States",147
Tyler Toner,"Denver, Colorado, United States",1734
Sako Chivitchian,"Glendale, California, United States",159
Fredson Paixão,"Las Vegas, Nevada, United States",610
Maiquel Falcão,"Curitiba, Brazil",934.6
Gerald Harris,"Tulsa, Oklahoma",194
Brian Foster,"Granite City, Illinois, United States",130
Nick Osipczak,"London, England",11
Alexandre Ferreira,"Rio de Janeiro, Brazil",1020
Seth Petruzelli,"Orlando, Florida, United States",25
Brock Lesnar (c),"Regina, Saskatchewan, Canada",577
Gilbert Yvel,"Amsterdam, Netherlands",2
James Wilks,"Laguna Hills, California, United States",111
Vinicius Queiroz,"Curitiba, Brazil",934.6
Mark Holst,"Ottawa, Ontario",70
James McSweeney,"Denver, Colorado, United States",1734
Matt Serra,"East Meadow, New York, United States",22
Sean Sherk,"Oak Grove, Minnesota",273
John Gunderson,"Houston, Texas, United States",32
Tomasz Drwal,"Krakow, Poland",219
Forrest Petz,"Cleveland, Ohio, United States",199
James Toney,"Ann Arbor, Michigan, USA",256
John Salter,"Wilmington, North Carolina, United States
Nashville, Tennessee, United States",9
Rodney Wallace,"Charlotte, North Carolina, United States",232
James Irvin,"Corona, California, United States",207
Steve Steinbeiss,"Phoenix, Arizona",331
Shane Carwin (ic),"Denver, Colorado, United States",1734
Keith Jardine,"Albuquerque, New Mexico, United States",1619.1
Chuck Liddell,"San Luis Obispo, California, United States",71
David Loiseau,"Montreal, Quebec, Canada",233
Jesse Lennox,"Davenport, Iowa",180
Dan Lauzon,"East Bridgewater, Massachusetts, United States",26
Jesse Forbes,"Tempe, Arizona, United States",455.68
Lyoto Machida (c),"Los Angeles, California, United States",93
Paul Daley,"Nottingham, England",46
Kimbo Slice,"Miami, Florida, USA",2
Jonathan Goulet,"Victoriaville, Quebec, Canada",148
Yoshiyuki Yoshida,"Albuquerque, New Mexico, USA",1619.1
B.J. Penn (c),"Hilo, Hawaii",18
Renzo Gracie,"New York, New York, United States",10
Brad Blackburn,"Seattle, Washington, United States",158
Matt Veach,"Granite City, Illinois",130
Mostapha al-Turk,"London, England",11
Nate Quarry,"Gresham, Oregon",91.7
Rob Emerson,"Phoenix, AZ, United States",331
Caol Uno,"Tokyo, Japan",40
Fabricio Camoes,"San Diego, California, United States",19
Rory Markham,"Crystal Lake, Illinois, United States",287
Paul Buentello,"San Jose, California, United States",25
Shannon Gugerty,"San Diego, California, United States",19
Chase Gormley,"Los Angeles, California, United States",93
Mark Coleman,"Columbus, Ohio, USA",285
Frank Trigg,"Las Vegas, Nevada, United States",610
Justin Buchholz,"Sacramento, California",9
Rolles Gracie Jr.,"Holmdel, New Jersey, United States",44
Jay Silva,"Huntington Beach, California, United States",12
Kyle Bradley,"Denham Springs, Louisiana, United States",13
Wilson Gouveia,"Coconut Creek, Florida, United States",4
Shane Nelson,"Hilo, Hawaii",18
Edgar Garcia,"Yuma, Arizona, United States",43
Kevin Burns,"Des Moines, Iowa, United States",291
Houston Alexander,"Omaha, Nebraska, United States",332
Marcus Jones,"Jacksonville, North Carolina",4.6
Justin Wren,"Oklahoma City, Oklahoma, United States",366
Jake Rosholt,"Dallas, Texas, USA",131
Brock Larson,"Brainerd, Minnesota, United States",371
Jason Dent,"Madison, Ohio, United States",222
Denis Kang,"North Vancouver, British Columbia, Canada",80
Rolando Delgado,"Little Rock, Arkansas, United States",102
Antoni Hardonk,"Amsterdam, Netherlands ",2
Razak Al-Hassan,"Ames, Iowa",287
Drew McFedries,"Bettendorf, Iowa, United States",174
Roger Huerta,"Austin, Texas",405
Chris Wilson,"Ribeirão Preto, Brazil",526
Justin McCully,"Maui, Hawaii, United States",3055
Marcus Aurelio,"Miami, Florida",2
Dan Cramer,"Coconut Creek, Florida, United States",4
Danillo Villefort,"Pittsburgh, PA, United States",420
Frank Mir (ic),"Las Vegas, Nevada, United States",610
Jake O'Brien,"Indianapolis, Indiana, United States",218
Dale Hartt,"Las Vegas, Nevada, United States",610
Rashad Evans (c),"Boca Raton, Florida, United States",4
Brandon Wolff,"Kailua, Oahu, Hawaii, United States",5
David Bielkheden,"Stockholm, Sweden",28
Carmelo Marrero,"Coconut Creek, Florida",4
Junie Browning,"Las Vegas, Nevada",610
Matt Horwich,"Hollywood, California, United States",108
Joe Vedepo,"Iowa City, Iowa, United States",203.6
Tim McKenzie,"Stockton, California, United States",4
Pete Sell,"Westbury, New York, United States",31
Mark Munoz,"Lake Forest, California, United States",148
Jason Day,"Lethbridge, Alberta, Canada",910
Per Eklund,"Stockholm, Sweden",28
Neil Grove,"London, England",11
Luigi Fioravanti,"Orlando, Florida, United States",25
Steve Bruno,"Coral Springs, Florida, United States",3
Christian Wellisch,"Sacramento, California, United States",9
Matt Arroyo,"Tampa, Florida",14.6
Jeremy Horn,"Salt Lake City, Utah",1288
Nate Mohr,"Crystal Lake, Illinois",287
Forrest Griffin (c),"Las Vegas, Nevada, United States",610
Antônio Rodrigo Nogueira (ic),"Rio de Janeiro, Brazil",1020
Dean Lister,"San Diego, California, USA",19
Mike Wessel,"Jonesboro, Arkansas, United States",79
Reese Andy,"Auburn, Washington",25
John Polakowski,"San Luis Obispo, California, United States",71
Nate Loughran,"Santa Rosa, California, United States",50
Brodie Farber,"Carlsbad, California, United States",16
Corey Hill,"Brooksville, Florida, United States",59
Eddie Sanchez,"San Diego, California, United States",19
Randy Couture (c),"Roseburg, Oregon, USA",161
Alvin Robinson,"Denver, Colorado",1734
Ryan Thomas,"Coconut Creek, Florida",4
Marcus Aurélio,"Miami, Florida",2
Rameau Thierry Sokoudjou,"Oceanside, California, United States",20
Jess Liaudin,"London, England",11
Samy Schiavo,"Avignon, France",122
Jason Lambert,"Victorville, California, United States",831
Heath Herring,"Las Vegas, Nevada, United States",610
Cale Yarbrough,"Athens, Georgia",194
Quinton Jackson (c),"Irvine, California, USA",17
Evan Tanner,"February 11, 1971Amarillo, Texas, US",1099
Dante Rivera,"Hamilton, New Jersey",30
Marvin Eastman,"Merced, California, United States",52
Ivan Salaverry,"Seattle, Washington, United States",158
Jon Koppenhaver,"San Diego, California",19
Jason Tan,"Liverpool, England",70
Georges St-Pierre (ic),"Montreal, Quebec, Canada",233
Matt Serra (c),"East Meadow, New York, United States",22
Travis Lutter,"Fort Worth, Texas",216
Kalib Starnes,"Surrey, British Columbia, Canada",134
Charles McCarthy,"Boynton Beach, Florida",3
Din Thomas,"Port St. Lucie, Florida",5
Ryan Roberts,"Omaha, Nebraska, United States",332
Tom Speer,"Elgin, Minnesota, United States",323
Anderson Silva (UFC Champion),"Curitiba, Brazil",934.6
Dan Henderson (Pride Champion),"Temecula, California, USA",310
Tim Sylvia,"Pleasant Valley, Iowa, USA",192
Terry Martin,"Chicago, Illinois, United States",182.02
David Heath,"Tulsa, Oklahoma, United States",194
Alberto Crane,"Glendale, California",159
Jordan Radev,"New York City, NY, United States",10
Tony DeSouza,"Lima, Peru",1550
Doug Evans,"Anchorage, Alaska, United States",31
John Kolosci,"Portage, Indiana, United States",194
Luke Caudillo,"Arvada, Colorado, United States",1662
Jason Black,"Davenport, Iowa, United States ",180
Diego Saraiva,"Atlanta, Georgia, United States",320
Junior Assuncao,"Atlanta, Georgia, United States",320
Renato Sobral,"Garden Grove, California, United States",27
Sean Sherk (c),"Oak Grove, Minnesota",273
Jens Pulver,"Crystal Lake, Illinois",287
Hector Ramirez,"Orange County, California, USA",1730
Rory Singer,"Athens, Georgia",194
Scott Smith,"Elk Grove, California, United States",14
Pete Spratt,"San Antonio, Texas, United States",198
Chad Reiner,"Omaha, Nebraska, United States",332
Chuck Liddell (c),"San Luis Obispo, California, United States",71
Sean Salmon,"Columbus, Ohio",275
Assuerio Silva,"Curitiba, Brazil",934.6
Brad Imes,"Bettendorf, Iowa",174
Josh Haynes,"Medford, Oregon",421
Tim Sylvia (c),"Pleasant Valley, Iowa, USA",192
Quinton Jackson(UFC Champion),"Irvine, California, USA",17
Dan Henderson(Pride Champion),"Temecula, California, USA",310
Sam Hoger,"Houston, Texas",32
Marcio Cruz,"Lutz, Florida, United States",21
Drew Fickett,"Tucson, Arizona, United States",728
Shonie Carter,"Chicago, Illinois, United States",182.02
Dave Menne,"Forest Lake, Minnesota",278
Logan Clark,"Eyota, Minnesota, United States",378
Matt Hughes (c),"Hillsboro, Illinois, USA",190
Jeff Monson,"Saint Paul, Minnesota, USA",214
Sherman Pendergarst,"Bettendorf, Iowa",174
Edwin Dewees,"Phoenix, Arizona, United States",331
Jeremy Jackson,"Port Hueneme, California",4
Gideon Ray,"Chicago, Illinois, United States",182.02
Rich Franklin (c),"Cincinnati, Ohio, United States",147
Júnior Assunção,"Atlanta, Georgia, United States",320
Ken Shamrock,"Reno, Nevada, United States",1373
Crafton Wallace,"Naples, Florida, United States",1
Rob MacDonald,"Toronto, Ontario",76.5
Yuki Sasaki,"Tokyo, Japan",40
Jason Von Flue,"Albuquerque, New Mexico, United States",1619.1
Sam Morgan,"Minneapolis, Minnesota, United States",264
Dan Christison,"Albuquerque, New Mexico",1619.1
Branden Lee Hinkle,"Weirton, West Virginia, United States",230
Justin Levens,"Newport Beach, California, United States",3
Solomon Hutcherson,"Racine, Wisconsin",188
Royce Gracie,"Torrance, California, United States",27
Fabiano Scherner,"Portland, Oregon",15.2
Andrei Arlovski (c),"Chicago, Illinois, United States",182.02
Nick Thompson,"Brooklyn Park, Minnesota",265
David Terrell,"Santa Rosa, California, United States",50
Trevor Prangley,"Coeur d'Alene, Idaho, United States",667
Justin Eilers,"June 28, 1978Boise, Idaho, USA",830
Mike Van Arsdale,"San Jose, California",25
Mike Whitehead,"Las Vegas, Nevada, United States",610
Alex Karalexis,"Boston, Massachusetts, United States",43
Kevin Jordan,"Columbus, Georgia, United States",74
Kit Cope,"Las Vegas, Nevada, United States",610
Kerry Schall,"Cincinnati, Ohio, United States",147
Tra Telligman,"Dallas, Texas, United States",131
Brian Gassaway,"Chicago, Illinois, United States",182.02
Matt Lindland,"Portland, Oregon",15.2
Andrei Arlovski (ic),"Chicago, Illinois, United States",182.02
Evan Tanner (c),"February 11, 1971Amarillo, Texas, US",1099
Travis Wiuff,"Rochester, Minnesota, United States",401.4
John Marsh,"Torrance, California, United States",27
Bobby Southworth,"Santa Cruz, California",11
Chris Sanford,"San Francisco, California, United States",16
Lodune Sincaid,"Clearwater, Florida",9
Mike Kyle,"San Jose, California, United States",25
Renato Verissimo,"Hilo, Hawaii, United States",18
Tony Fryklund,"Bettendorf, Iowa, United States",174
Vitor Belfort (c),"Rio de Janeiro, Brazil",1020
Vernon White,"Palo Alto, California, United States",9
Ronald Jhun,"Honolulu, Hawaii, United States",6
Kimo Leopoldo,"Santa Ana, California",35
Tiki Ghosn,"Huntington Beach, California, USA",12
Wesley Correira,"Hilo, Hawaii, United States",18
Wes Sims,"Lancaster, Ohio",268
Carlos Newton,"Newmarket, Ontario, Canada",239
Falaniko Vitale,"Honolulu, Hawaii, United States",6
Tank Abbott,"Huntington Beach, California, United States",12
Pedro Rizzo,"Rio de Janeiro, Brazil",1020
Chris Liguori,"Red Bank, New Jersey, United States",13
Randy Couture (ic),"Roseburg, Oregon, USA",161
Tito Ortiz (c),"Huntington Beach, California, United States",12
Gan McGee,"San Luis Obispo, California",71
Dave Strasser,"Kenosha, Wisconsin",184
Gerald Strebendt,"Los Angeles, California, United States",93
Sean Alvarez,"New York City, New York, United States",10
Rich Crunkilton,"New Smyrna Beach, Florida",2
Alexandre Dantas,"Rio de Janeiro, Brazil",1020
Gil Castillo,"Pleasant Hill, California",16
Phillip Miller,"Hesperia, California",971
Benji Radach,"Castle Rock, Washington, United States",18
Zach Light,"Huntington Beach, California, United States",12
Steve Berger,"St. Louis, Missouri, United States",142
Tsuyoshi Kosaka,"Tokyo, Japan",40
Amar Suloev,"Anapa, Russia",20
Andrei Semenov,"Stary Oskol, Belgorod, Russia",150
Pat Miletich,"Bettendorf, Iowa, USA",174
Pete Williams,"San Lorenzo, California, United States",11
Kelly Dullanty,"San Jose, California, United States",25
Jens Pulver (c),"Crystal Lake, Illinois",287
Dave Menne (c),"Forest Lake, Minnesota",278
Kevin Randleman,"Columbus, Ohio, USA",275
Chris Brennan,"Frisco, Texas, United States",236
Carlos Newton (c),"Newmarket, Ontario, Canada",239
Bobby Hoffman,"Bettendorf, Iowa, United States",174
Homer Moore,"Scottsdale, Arizona",380
Roberto Traven,"Atlanta, Georgia",320
Fabiano Iha,"Beverly Hills, California",79
Yuki Kondo,"Tokyo, Japan",40
Pat Miletich (c),"Bettendorf, Iowa, USA",174
Daiju Takase,"Tokyo, Japan",40
Lance Gibson,"Port Moody, British Columbia",40
Kevin Randleman (c),"Columbus, Ohio, USA",275
Maurice Smith,"Seattle, Washington, United States",158
Aaron Brink,"San Diego, California[1]",19
Mark Hughes,"Hillsboro, Illinois",190
Alex Stiebling,"Indianapolis, Indiana, United States",218
Dan Severn,"Coldwater, Michigan, USA",294
LaVerne Clark,"Bettendorf, Iowa",174
Tedd Williams,"Long Beach, California, United States",16
Tim Lajcik,"Redwood City, California, United States",6
Amaury Bitetti,"Rio de Janeiro, Brazil",1020
Alex Andrade,"Dallas, Texas",131
Joao Roque,"Luanda, Portuguese Angola",6
Sanae Kikuta,"Tokyo, Japan",40
Ron Waterman,"Greeley, Colorado",1425
Ikuhisa Minowa,"Tokyo, Japan",40
Joe Slick,"Davenport, Iowa, United States",180
Jason DeLucia,"Bellingham, Massachusetts, USA",89
Frank Shamrock (c),"San Jose, California, USA",25
Brad Kohler,"Minneapolis, Minnesota",264
Paul Jones,"Boys Ranch, Texas",971
Marco Ruas,"Rio de Janeiro, Brazil",1020
Royce Alger,"Iowa City, United States",203.6
Andre Roberts,"Tama, Iowa, United States",256
Travis Fulton,"Cedar Falls, Iowa",268
Bas Rutten,"Westlake Village, California, United States",268
Guy Mezger,"Dallas, Texas",131
Gary Goodridge,"Barrie, Ontario, Canada",252
Jorge Patino,"São Paulo, Brazil",760
Mikey Burnett,"Tulsa, Oklahoma",194
Jerry Bohlander,"Dallas, Texas",131
Laverne Clark,"Bettendorf, Iowa",174
John Lober,"Huntington Beach, California, United States",12
Ebenezer Fontes Braga,"Rio de Janeiro, Brazil",1020
Hugo Duarte,"Rio de Janeiro, Brazil",1020
Allan Goes,"Laguna Niguel, California, United States",122
Bob Gilstrap,"Bellevue, Washington",26
Tsuyoshi Kohsaka,"Tokyo, Japan",40
Maurice Smith (c),"Seattle, Washington, United States",158
Frank Shamrock,"San Jose, California, USA",25
Mark Kerr,"Toledo, Ohio, United States",187
Dave Beneteau,"Windsor, Ontario, Canada",190
Carlos Barreto,"Rio de Janeiro, Brazil",1020
Mark Coleman (c),"Columbus, Ohio, USA",285
Joe Moreira,"Newport Beach, California, United States",3
Dan Bobish,"Cleveland, Ohio, United States",199
Brian Johnston,"San Jose, California",25
Yoshiki Takahashi,"Tokyo, Japan",40
Wallid Ismail,Rio de Janeiro,1020
Scott Ferrozzo,"Shakopee, Minnesota, United States",234
Don Frye,"Sierra Vista, Arizona, United States",1412
Mark Hall,"Murrieta, California, United States",334
Paul Varelans,"Fairbanks, Alaska",136
Fabio Gurgel,"Rio de Janeiro, Brazil",1020
Ken Shamrock (c),"Reno, Nevada, United States",1373
Mark Schultz,"Palo Alto, California, USA",9
Oleg Taktarov,"Arzamas-16, Gorky Oblast, RSFSR, USSR",160
Keith Hackney,"Illinois, USA",180
Remco Pardoel,"Oss, Netherlands",7
Anthony Macias,"Oklahoma City, Oklahoma, USA",366
Patrick Smith,"Coalgate, Oklahoma, United States",186
Jon Hess,"Murrieta, California",334
Ron van Clief,"New York City, USA",10
Kevin Rosier,"Tampa, Florida",14.6
Emmanuel Yarborough,"September 5, 1964Rahway, New Jersey, USA",7
Gerard Gordeau,"Den Haag, Netherlands",1
Art Jimmerson,"St. Louis, Missouri",142
Teila Tuli,"Honolulu, Hawaii",6
